UDI,Product ID,Type,Air temperature [K],Process temperature [K],Rotational speed [rpm],Torque [Nm],Tool wear [min],Machine failure,TWF,HDF,PWF,OSF,RNF
1,H31262,H,297.7,307.2,1429,44.1,26,0,0,0,0,0,0
2,H29724,H,298.0,308.6,1526,41.8,160,0,0,0,0,0,0
3,H36692,H,300.0,310.1,1714,28.7,55,0,0,0,0,0,0
4,H39148,H,298.9,310.1,1458,44.3,156,0,0,0,0,0,0
5,H36303,H,300.9,311.4,1387,42.7,121,0,0,0,0,0,0
6,H33013,H,301.7,310.5,1388,50.5,176,0,0,0,0,0,0
7,H29949,H,297.4,309.3,1365,52.4,76,0,0,0,0,0,0
8,H35426,H,300.8,310.9,1425,44.0,33,0,0,0,0,0,0
9,H33761,H,301.9,309.8,1724,27.5,126,0,0,0,0,0,0
10,H34386,H,303.8,312.6,1811,24.9,183,0,0,0,0,0,0
11,H36250,H,301.1,311.0,1339,52.8,194,0,0,0,0,0,0
12,H34252,H,303.3,311.8,1649,29.4,49,0,0,0,0,0,0
13,H31595,H,299.5,309.1,1548,44.3,40,0,0,0,0,0,0
14,H37078,H,300.5,311.7,1454,50.3,175,0,0,0,0,0,0
15,H31859,H,299.2,308.7,1375,55.1,78,0,0,0,0,0,0
16,H32647,H,300.8,309.4,1474,40.7,104,0,0,0,0,0,0
17,H31072,H,298.1,308.0,1570,35.3,159,0,0,0,0,0,0
18,H32359,H,300.7,309.6,1925,20.5,9,0,0,0,0,0,0
19,H31176,H,298.2,307.6,1460,48.6,204,0,0,0,0,0,0
20,H30492,H,296.9,307.7,1656,30.8,181,0,0,0,0,0,0
21,H29571,H,298.4,308.2,1478,43.5,206,0,0,0,0,0,0
22,H32045,H,300.0,309.7,1529,42.4,107,0,0,0,0,0,0
23,H33499,H,302.0,310.5,1841,23.6,119,0,0,0,0,0,0
24,H38486,H,297.2,308.1,1770,27.2,140,0,0,0,0,0,0
25,H30005,H,297.5,309.3,1525,41.7,235,0,0,0,0,0,0
26,H29607,H,298.2,308.4,1678,34.6,81,0,0,0,0,0,0
27,H38354,H,297.3,308.3,1935,19.3,24,0,0,0,0,0,0
28,H32689,H,301.3,310.0,1532,36.3,2,0,0,0,0,0,0
29,H35177,H,301.8,311.2,1451,39.4,70,0,0,0,0,0,0
30,H35270,H,301.2,310.9,1598,35.9,71,0,0,0,0,0,0
31,H31642,H,299.4,308.6,1542,41.8,166,0,0,0,0,0,0
32,H36468,H,300.7,310.5,1476,43.1,134,0,0,0,0,0,0
33,H29884,H,297.3,308.8,1499,44.2,134,0,0,0,0,0,0
34,H33415,H,302.1,311.2,1598,37.9,148,0,0,0,0,0,0
35,H36960,H,300.2,311.5,1454,42.8,88,0,0,0,0,0,0
36,H31314,H,297.9,307.6,1493,36.0,161,0,0,0,0,0,0
37,H31734,H,299.2,308.8,1440,39.1,188,0,0,0,0,0,0
38,H38911,H,299.1,309.9,1443,40.3,0,0,0,0,0,0,0
39,H32038,H,299.7,309.5,1375,46.8,86,0,0,0,0,0,0
40,H34719,H,303.9,313.2,1680,29.1,201,0,0,0,0,0,0
41,H29569,H,298.4,308.2,1987,19.8,198,0,0,0,0,0,0
42,H30038,H,298.3,310.1,1509,37.6,85,0,0,0,0,0,0
43,H31036,H,297.7,307.6,1538,38.3,63,0,0,0,0,0,0
44,H30941,H,298.1,309.1,1425,44.5,49,0,0,0,0,0,0
45,H38316,H,297.4,308.7,1522,46.3,146,0,0,0,0,0,0
46,H39385,H,298.5,308.2,1563,44.6,163,0,0,0,0,0,0
47,H31184,H,298.4,307.9,1605,31.0,18,0,0,0,0,0,0
48,H37236,H,299.9,311.3,1413,41.8,153,0,0,0,0,0,0
49,H39075,H,299.0,310.0,1458,44.9,221,0,0,0,0,0,0
50,H35166,H,302.3,311.8,1804,25.0,43,0,0,0,0,0,0
51,H33006,H,301.6,310.4,1369,45.4,156,0,0,0,0,0,0
52,H36416,H,300.5,310.6,1411,47.2,201,0,0,0,0,0,0
53,H29682,H,297.9,308.0,1800,24.8,44,0,0,0,0,0,0
54,H35877,H,300.5,310.0,1358,60.4,102,0,0,0,0,0,0
55,H37401,H,301.0,312.2,1489,40.3,117,0,0,0,0,0,0
56,H32080,H,299.7,309.2,1691,27.7,203,0,0,0,0,0,0
57,H37691,H,298.8,310.5,1294,55.8,202,0,0,0,0,0,0
58,H37437,H,300.9,312.0,1397,42.7,212,0,0,0,0,0,0
59,H33389,H,302.4,311.5,1540,43.7,81,0,0,0,0,0,0
60,H29432,H,298.8,309.2,1306,54.5,50,0,0,0,0,0,0
61,H30585,H,297.0,308.1,1517,41.4,222,0,0,0,0,0,0
62,H35028,H,303.0,312.2,1624,28.8,117,0,0,0,0,0,0
63,H30062,H,297.7,309.3,1400,48.9,147,0,0,0,0,0,0
64,H35969,H,301.5,310.7,1394,46.7,130,0,0,0,0,0,0
65,H32448,H,300.6,309.7,1470,43.8,18,0,0,0,0,0,0
66,H30011,H,297.6,309.6,1428,46.6,13,0,0,0,0,0,0
67,H34696,H,303.8,313.2,1381,52.4,140,0,0,0,0,0,0
68,H34592,H,304.0,313.2,1517,43.1,96,0,0,0,0,0,0
69,H32949,H,301.9,311.0,1672,29.9,13,0,0,0,0,0,0
70,H34786,H,302.9,312.3,1509,46.8,175,0,0,0,0,0,0
71,H30649,H,297.1,308.4,1654,31.4,171,0,0,0,0,0,0
72,H31216,H,298.1,307.6,1496,44.1,104,0,0,0,0,0,0
73,H32628,H,300.4,309.3,1396,51.2,54,0,0,0,0,0,0
74,H31447,H,298.8,308.5,1359,47.6,85,0,0,0,0,0,0
75,H37463,H,300.6,311.9,1604,30.5,45,0,0,0,0,0,0
76,H32049,H,299.9,309.6,1462,51.0,119,0,0,0,0,0,0
77,H37117,H,300.7,311.7,1864,23.6,47,0,0,0,0,0,0
78,H30782,H,298.8,310.3,1708,27.1,78,0,0,0,0,0,0
79,H38754,H,298.4,308.9,1577,37.1,0,0,0,0,0,0,0
80,H36448,H,300.6,310.6,1830,26.2,78,0,0,0,0,0,0
81,H37370,H,300.9,311.9,1513,38.0,38,0,0,0,0,0,0
82,H30534,H,296.6,307.7,1654,31.0,91,0,0,0,0,0,0
83,H36895,H,300.2,311.4,1506,36.1,141,0,0,0,0,0,0
84,H30148,H,297.0,308.4,1305,54.6,168,0,0,0,0,0,0
85,H31903,H,298.9,308.7,1500,41.6,187,0,0,0,0,0,0
86,H31412,H,298.3,308.0,1637,30.8,2,0,0,0,0,0,0
87,H29865,H,297.5,308.6,1440,46.1,84,0,0,0,0,0,0
88,H39009,H,299.0,310.1,1432,50.0,45,0,0,0,0,0,0
89,H32344,H,300.7,309.6,1403,51.3,174,0,0,0,0,0,0
90,H32328,H,300.6,309.6,1888,20.5,133,0,0,0,0,0,0
91,H34318,H,303.6,312.4,1480,50.7,2,0,0,0,0,0,0
92,H36143,H,301.5,310.9,1524,40.4,124,0,0,0,0,0,0
93,H35887,H,300.4,309.5,1547,50.7,131,0,0,0,0,0,0
94,H33781,H,302.0,309.9,1447,42.8,185,0,0,0,0,0,0
95,H39314,H,298.7,309.2,1449,42.3,182,0,0,0,0,0,0
96,H32287,H,300.6,309.4,1555,37.9,24,0,0,0,0,0,0
97,H37759,H,298.8,309.8,1490,35.9,171,0,0,0,0,0,0
98,H31543,H,299.4,309.0,1607,33.7,130,0,0,0,0,0,0
99,H38499,H,297.1,307.9,1365,54.0,174,0,0,0,0,0,0
100,H31178,H,298.2,307.6,1318,55.7,0,0,0,0,0,0,0
101,H33492,H,302.1,310.7,1294,62.4,101,1,0,1,0,0,0
102,L48781,L,297.8,307.8,1597,38.2,11,0,0,0,0,0,0
103,L48601,L,298.7,309.8,1589,31.8,217,0,0,0,0,0,0
104,L49053,L,298.4,308.1,1367,57.8,92,0,0,0,0,0,0
105,L54805,L,300.6,311.7,1556,34.9,76,0,0,0,0,0,0
106,L48113,L,295.5,306.0,1597,37.2,16,0,0,0,0,0,0
107,L48642,L,298.9,310.2,1706,27.6,103,0,0,0,0,0,0
108,L56974,L,298.5,309.3,1590,33.9,107,0,0,0,0,0,0
109,L47830,L,297.6,309.2,1611,33.1,155,0,0,0,0,0,0
110,L54520,L,299.7,310.3,1386,46.6,2,0,0,0,0,0,0
111,L50535,L,301.5,310.8,1367,49.0,193,0,0,0,0,0,0
112,L57173,L,298.8,308.4,1401,47.3,10,0,0,0,0,0,0
113,L53014,L,301.3,311.3,1434,49.8,16,0,0,0,0,0,0
114,L48846,L,298.2,307.9,1551,36.0,186,0,0,0,0,0,0
115,L49523,L,299.1,308.3,1305,61.4,17,0,0,0,0,0,0
116,L47309,L,298.9,308.5,1559,34.3,126,0,0,0,0,0,0
117,L54099,L,301.0,311.5,1444,39.8,197,0,0,0,0,0,0
118,L55599,L,299.0,310.3,1431,39.9,157,0,0,0,0,0,0
119,L49782,L,299.4,309.2,1427,41.5,29,0,0,0,0,0,0
120,L53158,L,300.5,310.6,1448,46.3,173,0,0,0,0,0,0
121,L57098,L,298.4,308.8,1352,56.7,24,0,0,0,0,0,0
122,L53736,L,301.5,310.7,1686,27.9,135,0,0,0,0,0,0
123,L52647,L,302.9,312.4,1383,51.4,160,0,0,0,0,0,0
124,L57060,L,298.8,309.8,1753,27.5,130,0,0,0,0,0,0
125,L53999,L,300.9,310.7,1359,46.0,151,0,0,0,0,0,0
126,L47967,L,296.9,308.1,1435,45.3,62,0,0,0,0,0,0
127,L47977,L,296.8,307.7,1565,40.1,89,0,0,0,0,0,0
128,L50816,L,302.2,311.4,1449,46.5,60,0,0,0,0,0,0
129,L54286,L,300.8,310.5,1482,39.0,47,0,0,0,0,0,0
130,L52922,L,302.3,311.7,1414,47.0,11,0,0,0,0,0,0
131,L54666,L,300.3,311.7,1635,31.8,156,0,0,0,0,0,0
132,L51458,L,302.0,310.1,1409,50.4,172,0,0,0,0,0,0
133,L47606,L,297.4,308.5,1501,44.9,20,0,0,0,0,0,0
134,L47585,L,297.3,308.5,1350,57.6,186,0,0,0,0,0,0
135,L53104,L,300.3,310.2,1369,48.8,36,0,0,0,0,0,0
136,L50271,L,300.0,309.3,1558,29.7,168,0,0,0,0,0,0
137,L49257,L,299.4,309.4,1701,31.2,199,0,0,0,0,0,0
138,L54891,L,300.4,311.4,1309,55.5,71,0,0,0,0,0,0
139,L57078,L,298.7,309.2,1396,44.8,178,0,0,0,0,0,0
140,L52511,L,303.7,312.8,1448,44.5,55,0,0,0,0,0,0
141,L54654,L,300.3,311.7,1989,22.3,121,0,0,0,0,0,0
142,L54663,L,300.2,311.6,1671,28.8,149,0,0,0,0,0,0
143,L51094,L,302.5,311.5,1493,35.1,131,0,0,0,0,0,0
144,L53559,L,300.1,309.7,1485,45.9,100,0,0,0,0,0,0
145,L49050,L,298.3,308.0,1486,42.3,86,0,0,0,0,0,0
146,L50369,L,300.1,309.1,1551,33.7,214,0,0,0,0,0,0
147,L48404,L,297.1,308.3,1763,25.7,139,0,0,0,0,0,0
148,L51066,L,302.4,311.3,1392,50.5,51,0,0,0,0,0,0
149,L50999,L,302.2,310.7,1567,36.4,100,0,0,0,0,0,0
150,L50939,L,302.3,311.0,1412,47.0,164,0,0,0,0,0,0
151,L53430,L,300.8,310.2,1520,37.7,193,0,0,0,0,0,0
152,L50041,L,300.7,309.5,1479,43.6,240,0,0,0,0,0,0
153,L54735,L,300.3,311.3,1332,60.5,112,0,0,0,0,0,0
154,L53375,L,300.9,310.8,1729,30.2,53,0,0,0,0,0,0
155,L54914,L,300.6,312.0,1670,29.4,134,0,0,0,0,0,0
156,L49434,L,299.1,308.3,1325,46.9,28,0,0,0,0,0,0
157,L55258,L,300.3,311.7,1571,31.2,123,0,0,0,0,0,0
158,L47991,L,296.8,307.6,1588,37.6,126,0,0,0,0,0,0
159,L51583,L,302.3,310.1,1388,49.9,48,0,0,0,0,0,0
160,L57093,L,298.5,308.8,1589,30.6,11,0,0,0,0,0,0
161,L49520,L,299.1,308.1,1479,40.7,10,0,0,0,0,0,0
162,L55089,L,300.7,312.2,1590,38.5,148,0,0,0,0,0,0
163,L50765,L,301.9,310.7,1947,25.0,137,0,0,0,0,0,0
164,L48715,L,298.0,308.8,1581,36.1,73,0,0,0,0,0,0
165,L49627,L,299.3,308.7,1408,48.7,85,0,0,0,0,0,0
166,L54976,L,300.1,311.5,1454,52.4,90,0,0,0,0,0,0
167,L53932,L,301.6,310.9,1706,29.5,193,0,0,0,0,0,0
168,L49407,L,299.5,308.8,1965,20.4,164,0,0,0,0,0,0
169,L48935,L,298.0,307.3,1424,46.5,185,0,0,0,0,0,0
170,L57160,L,298.6,308.4,1559,36.6,188,0,0,0,0,0,0
171,L54403,L,299.8,309.6,1374,51.6,137,0,0,0,0,0,0
172,L51145,L,302.3,311.5,1507,37.5,55,0,0,0,0,0,0
173,L50459,L,301.2,309.9,1382,52.4,13,0,0,0,0,0,0
174,L52879,L,302.4,311.9,1867,25.9,121,0,0,0,0,0,0
175,L55270,L,300.1,311.4,1910,23.0,153,0,0,0,0,0,0
176,L49482,L,299.2,308.5,1515,39.8,141,0,0,0,0,0,0
177,L52643,L,302.9,312.4,1561,34.8,150,0,0,0,0,0,0
178,L51323,L,301.7,310.1,1500,39.6,56,0,0,0,0,0,0
179,L55420,L,299.0,310.4,1483,41.5,96,0,0,0,0,0,0
180,L55173,L,301.1,312.3,1595,31.9,134,0,0,0,0,0,0
181,L52557,L,302.9,312.4,2030,19.1,192,0,0,0,0,0,0
182,L56306,L,297.4,308.5,1477,40.7,74,0,0,0,0,0,0
183,L49623,L,299.1,308.5,1647,35.0,74,0,0,0,0,0,0
184,L49247,L,299.7,309.6,1553,36.8,174,0,0,0,0,0,0
185,L47306,L,299.0,308.6,1329,60.5,120,0,0,0,0,0,0
186,L53668,L,300.7,309.8,1330,54.4,171,0,0,0,0,0,0
187,L55185,L,300.8,312.0,1477,37.3,164,0,0,0,0,0,0
188,L49566,L,299.1,308.4,1543,37.9,130,0,0,0,0,0,0
189,L54450,L,300.2,310.4,1808,25.8,35,0,0,0,0,0,0
190,L52150,L,303.8,312.6,1565,36.0,179,0,0,0,0,0,0
191,L48175,L,296.3,307.3,1566,35.8,175,0,0,0,0,0,0
192,L48183,L,296.2,307.1,1444,46.7,194,0,0,0,0,0,0
193,L47403,L,298.4,308.6,1569,34.4,160,0,0,0,0,0,0
194,L53745,L,301.4,310.6,1550,36.8,159,0,0,0,0,0,0
195,L50017,L,300.3,309.1,1699,30.3,178,0,0,0,0,0,0
196,L52685,L,302.8,312.2,1746,27.4,44,0,0,0,0,0,0
197,L54327,L,300.3,309.8,1466,41.2,156,0,0,0,0,0,0
198,L50548,L,301.5,310.8,1350,58.5,13,0,0,0,0,0,0
199,L51914,L,303.2,311.5,1507,39.2,225,0,0,0,0,0,0
200,L48941,L,298.1,307.6,1950,20.3,202,0,0,0,0,0,0
201,L54955,L,300.3,311.5,1663,33.6,38,0,0,0,0,0,0
202,L47493,L,298.0,308.6,1313,50.8,170,0,0,0,0,0,0
203,L57013,L,298.3,309.1,1386,45.3,212,0,0,0,0,0,0
204,L47380,L,298.4,308.6,1609,35.0,103,0,0,0,0,0,0
205,L55845,L,297.6,308.7,1365,50.6,143,0,0,0,0,0,0
206,L49727,L,299.2,309.1,1578,38.1,109,0,0,0,0,0,0
207,L55872,L,297.1,308.4,1583,31.9,2,0,0,0,0,0,0
208,L55141,L,301.0,312.2,1264,59.0,57,0,0,0,0,0,0
209,L51158,L,302.2,311.3,1382,46.4,94,0,0,0,0,0,0
210,L49417,L,299.3,308.6,1403,50.6,189,0,0,0,0,0,0
211,L53147,L,300.4,310.8,1390,52.5,144,0,0,0,0,0,0
212,L49118,L,298.1,307.9,1517,40.8,50,0,0,0,0,0,0
213,L53441,L,301.1,310.6,1417,47.6,10,0,0,0,0,0,0
214,L49985,L,300.0,309.4,1460,43.5,102,0,0,0,0,0,0
215,L53777,L,301.5,310.6,1481,46.8,20,0,0,0,0,0,0
216,L48230,L,296.6,307.6,1671,28.8,108,0,0,0,0,0,0
217,L56952,L,298.5,309.5,1561,34.8,35,0,0,0,0,0,0
218,L49252,L,299.6,309.5,1570,35.5,189,0,0,0,0,0,1
219,L55127,L,300.8,311.7,1426,45.5,16,0,0,0,0,0,0
220,L47296,L,298.9,308.7,1564,34.1,99,0,0,0,0,0,0
221,L55032,L,300.3,311.7,1515,37.5,5,0,0,0,0,0,0
222,L51183,L,302.1,311.2,1519,39.3,155,0,0,0,0,0,0
223,L52562,L,302.9,312.4,1698,33.8,202,0,0,0,0,0,0
224,L54008,L,301.0,310.9,1392,52.9,173,0,0,0,0,0,0
225,L56073,L,297.5,308.7,1371,46.5,121,0,0,0,0,0,0
226,L49335,L,299.3,308.8,1341,47.7,199,0,0,0,0,0,0
227,L55483,L,298.8,310.2,1504,41.0,51,0,0,0,0,0,0
228,L52628,L,303.0,312.7,1551,41.8,111,0,0,0,0,0,0
229,L48864,L,297.8,307.3,1438,44.5,3,0,0,0,0,0,0
230,L51029,L,302.3,311.0,1561,37.2,180,0,0,0,0,0,0
231,L48528,L,298.7,310.2,1363,45.5,28,0,0,0,0,0,0
232,L56985,L,298.4,309.2,1651,28.5,141,0,0,0,0,0,0
233,L54296,L,301.0,310.5,1601,33.2,77,0,0,0,0,0,0
234,L50968,L,302.3,310.8,1511,48.1,24,0,0,0,0,0,0
235,L50948,L,302.2,311.0,1555,34.2,185,0,0,0,0,0,0
236,L52807,L,302.7,312.1,1597,39.8,153,0,0,0,0,0,0
237,L55798,L,297.7,308.7,1829,24.9,17,0,0,0,0,0,0
238,L51974,L,303.6,312.6,1699,27.9,160,0,0,0,0,0,0
239,L55334,L,299.6,310.7,1393,52.1,110,0,0,0,0,0,0
240,L47848,L,297.5,308.9,1738,24.0,195,0,0,0,0,0,0
241,L57067,L,298.8,309.5,1368,44.7,147,0,0,0,0,0,0
242,L55018,L,300.2,311.6,1372,49.2,195,0,0,0,0,0,0
243,L52967,L,301.7,311.3,1584,38.8,132,0,0,0,0,0,0
244,L56616,L,298.0,308.6,1481,42.5,54,0,0,0,0,0,0
245,L50923,L,302.5,311.4,1759,24.6,124,0,0,0,0,0,0
246,L56638,L,298.4,309.1,1417,40.6,121,0,0,0,0,0,0
247,L49903,L,299.7,309.4,1362,51.9,117,0,0,0,0,0,0
248,L47854,L,297.8,309.0,1456,41.2,0,0,0,0,0,0,0
249,L55600,L,298.9,310.4,1546,37.7,159,0,0,0,0,0,0
250,L50736,L,301.9,310.8,1735,31.5,66,0,0,0,0,0,0
251,L49794,L,299.3,309.1,1634,36.8,62,0,0,0,0,0,0
252,L55151,L,301.0,312.1,1405,46.1,79,0,0,0,0,0,0
253,L49094,L,298.0,307.7,1643,32.3,200,0,0,0,0,0,0
254,L50712,L,301.9,310.9,1486,40.3,6,0,0,0,0,0,0
255,L52310,L,304.2,313.3,1668,35.7,180,0,0,0,0,0,0
256,L51326,L,301.8,310.3,1482,41.4,63,0,0,0,0,0,0
257,L49712,L,298.9,308.7,1389,44.9,69,0,0,0,0,0,0
258,L55277,L,300.3,311.7,1452,41.5,172,0,0,0,0,0,0
259,L47299,L,298.7,308.5,1467,40.7,106,0,0,0,0,0,0
260,L55419,L,299.0,310.4,1339,49.6,94,0,0,0,0,0,0
261,L50509,L,301.6,310.7,1683,29.7,131,0,0,0,0,0,0
262,L54819,L,300.5,311.4,1466,41.8,112,0,0,0,0,0,0
263,L48466,L,298.5,309.6,1582,40.3,103,0,0,0,0,0,0
264,L50798,L,301.9,311.1,1448,46.3,14,0,0,0,0,0,0
265,L56372,L,297.9,309.0,1562,35.8,40,0,0,0,0,0,0
266,L54706,L,300.1,311.4,1660,31.4,38,0,0,0,0,0,0
267,L49518,L,299.3,308.3,1651,28.0,6,0,0,0,0,0,0
268,L47678,L,297.5,309.1,1611,30.2,211,0,0,0,0,0,0
269,L54612,L,300.1,311.4,1484,43.1,13,0,0,0,0,0,0
270,L49879,L,299.9,309.4,1363,60.9,57,0,0,0,0,0,0
271,L47248,L,298.8,308.9,1527,32.4,189,0,0,0,0,0,0
272,L55281,L,300.3,311.8,1567,37.7,180,0,0,0,0,0,0
273,L57113,L,298.3,308.3,1597,32.4,69,0,0,0,0,0,0
274,L53232,L,300.9,311.0,2003,20.2,138,0,0,0,0,0,0
275,L52721,L,302.4,311.8,1433,42.2,134,0,0,0,0,0,0
276,L49662,L,298.9,308.7,1504,41.8,165,0,0,0,0,0,0
277,L48913,L,298.4,308.0,1515,42.8,125,0,0,0,0,0,0
278,L52498,L,303.5,312.6,1496,39.0,21,0,0,0,0,0,0
279,L53722,L,301.4,310.8,1543,36.9,97,0,0,0,0,0,0
280,L51314,L,301.8,310.3,1688,28.8,31,0,0,0,0,0,0
281,L50657,L,301.8,310.7,1547,41.7,72,0,0,0,0,0,0
282,L54622,L,300.0,311.5,1601,36.9,35,0,0,0,0,0,0
283,L56200,L,297.3,308.2,1553,33.5,2,0,0,0,0,0,0
284,L48900,L,298.2,307.7,1459,44.5,89,0,0,0,0,0,0
285,L52436,L,303.5,313.0,1393,51.6,80,0,0,0,0,0,0
286,L56584,L,297.7,308.2,2007,19.3,181,0,0,0,0,0,0
287,L47379,L,298.4,308.6,1433,47.1,101,0,0,0,0,0,0
288,L50835,L,302.1,311.4,1686,30.9,106,0,0,0,0,0,0
289,L49433,L,299.2,308.4,1386,54.1,26,0,0,0,0,0,0
290,L49232,L,299.5,309.3,1477,40.4,138,0,0,0,0,0,0
291,L53200,L,300.7,310.8,1619,34.9,57,0,0,0,0,0,0
292,L54782,L,300.4,311.2,1705,28.7,20,0,0,0,0,0,0
293,L55685,L,298.4,309.7,1530,38.6,161,0,0,0,0,0,0
294,L56866,L,299.1,310.1,1486,40.7,39,0,0,0,0,0,0
295,L51430,L,302.6,311.0,1660,38.0,99,0,0,0,0,0,0
296,L49226,L,299.3,309.1,1388,45.5,123,0,0,0,0,0,0
297,L51101,L,302.7,311.5,1494,41.4,149,0,0,0,0,0,0
298,L53944,L,301.4,310.9,1536,38.3,9,0,0,0,0,0,0
299,L48263,L,297.0,307.8,1683,32.3,197,0,0,0,0,0,0
300,L56081,L,297.3,308.6,1446,50.1,144,0,0,0,0,0,0
301,L56543,L,297.9,308.5,1519,34.3,61,0,0,0,0,0,0
302,L56646,L,298.6,309.4,1471,48.0,141,0,0,0,0,0,0
303,L53560,L,300.2,309.8,1430,55.0,102,0,0,0,0,0,0
304,L48420,L,297.2,308.6,1636,31.3,192,0,0,0,0,0,0
305,L53585,L,300.1,309.7,2151,17.5,173,0,0,0,0,0,0
306,L55211,L,300.7,312.0,1550,32.4,5,0,0,0,0,0,0
307,L56035,L,297.7,308.9,1662,28.1,19,0,0,0,0,0,0
308,L51806,L,303.0,311.2,1664,29.8,186,0,0,0,0,0,0
309,L50072,L,300.7,309.6,1329,54.3,80,0,0,0,0,0,0
310,L48089,L,295.5,306.0,1456,39.2,167,0,0,0,0,0,0
311,L47368,L,298.3,308.5,1606,33.6,67,0,0,0,0,0,0
312,L57126,L,298.3,307.9,1502,42.0,103,0,0,0,0,0,0
313,L50827,L,302.2,311.5,1427,43.8,88,0,0,0,0,0,0
314,L55947,L,297.5,308.6,1380,53.5,192,0,0,0,0,0,0
315,L56331,L,297.6,308.6,1553,40.5,135,0,0,0,0,0,0
316,L56736,L,299.5,310.8,1374,48.3,154,0,0,0,0,0,0
317,L54381,L,300.0,309.8,1474,40.6,78,0,0,0,0,0,0
318,L52875,L,302.4,311.8,1451,42.0,110,0,0,0,0,0,0
319,L52252,L,304.1,313.0,1408,45.3,28,0,0,0,0,0,0
320,L47280,L,298.8,308.9,1852,25.0,57,0,0,0,0,0,0
321,L54577,L,299.7,310.6,1737,26.1,144,0,0,0,0,0,0
322,L54067,L,300.8,311.3,1782,26.9,116,0,0,0,0,0,0
323,L55664,L,298.4,309.5,1397,50.3,110,0,0,0,0,0,0
324,L55284,L,300.3,311.9,1692,31.5,187,0,0,0,0,0,0
325,L53472,L,301.0,310.4,1614,31.6,84,0,0,0,0,0,0
326,L54820,L,300.4,311.3,1608,35.1,114,0,0,0,0,0,0
327,L54262,L,300.7,310.3,1458,40.0,207,0,0,0,0,0,0
328,L49683,L,299.2,309.0,1408,47.2,0,0,0,0,0,0,0
329,L56247,L,297.1,308.2,1351,56.6,126,0,0,0,0,0,0
330,L55068,L,300.7,312.3,1577,33.2,100,0,0,0,0,0,0
331,L54159,L,300.9,311.2,1353,60.4,139,0,0,0,0,0,0
332,L56860,L,299.1,310.1,1894,24.2,22,0,0,0,0,0,0
333,L56262,L,297.2,307.9,1309,49.6,167,0,0,0,0,0,0
334,L56405,L,298.0,309.1,1820,23.6,120,0,0,0,0,0,0
335,L52457,L,303.5,312.9,1501,44.0,128,0,0,0,0,0,0
336,L51086,L,302.3,311.2,1297,62.5,109,0,0,0,0,0,0
337,L49087,L,297.9,307.6,1504,42.4,180,0,0,0,0,0,0
338,L51531,L,301.8,309.6,1432,43.7,138,0,0,0,0,0,0
339,L54828,L,300.4,311.4,1552,28.8,135,0,0,0,0,0,0
340,L54379,L,300.0,309.9,1507,41.4,74,0,0,0,0,0,0
341,L49593,L,299.0,308.5,1886,23.0,198,0,0,0,0,0,0
342,L56649,L,298.6,309.4,1698,33.2,147,0,0,0,0,0,0
343,L53616,L,300.4,310.0,1769,26.1,38,0,0,0,0,0,0
344,L54816,L,300.4,311.5,1704,29.7,103,0,0,0,0,0,0
345,L54308,L,300.6,310.0,1511,36.9,105,0,0,0,0,0,0
346,L54533,L,299.8,310.3,1687,30.4,33,0,0,0,0,0,0
347,L54560,L,299.6,310.2,1743,24.8,99,0,0,0,0,0,0
348,L54235,L,300.8,310.6,1663,30.6,139,0,0,0,0,0,0
349,L55502,L,298.7,309.6,1364,44.9,106,0,0,0,0,0,0
350,L52956,L,301.6,311.1,1325,49.2,104,0,0,0,0,0,0
351,L55038,L,300.5,311.9,1350,51.7,18,0,0,0,0,0,0
352,L49180,L,298.4,308.1,1279,53.1,9,0,0,0,0,0,0
353,L55544,L,298.9,309.8,1396,49.0,13,0,0,0,0,0,0
354,L56854,L,299.1,310.2,1695,29.6,8,0,0,0,0,0,0
355,L47461,L,298.1,308.0,1626,36.5,83,0,0,0,0,0,0
356,L48847,L,298.2,307.9,1769,27.2,188,0,0,0,0,0,0
357,L48485,L,298.8,310.0,1672,30.4,150,0,0,0,0,0,0
358,L57099,L,298.5,308.8,1305,58.7,26,0,0,0,0,0,0
359,L56309,L,297.6,308.6,1664,30.1,81,0,0,0,0,0,0
360,L50526,L,301.3,310.7,1761,24.3,174,0,0,0,0,0,0
361,L53047,L,301.5,311.0,1494,45.3,99,0,0,0,0,0,0
362,L47924,L,296.7,308.1,1450,40.9,195,0,0,0,0,0,0
363,L53822,L,301.6,310.6,1431,37.5,137,0,0,0,0,0,0
364,L51840,L,303.2,311.2,1439,43.9,30,0,0,0,0,0,0
365,L47758,L,297.8,309.8,1533,36.8,198,0,0,0,0,0,0
366,L54986,L,300.0,311.5,1349,48.6,113,0,0,0,0,0,0
367,L53270,L,300.9,310.8,1708,29.1,14,0,0,0,0,0,0
368,L50634,L,301.5,310.4,1918,21.8,9,0,0,0,0,0,0
369,L51978,L,303.5,312.5,1457,46.4,168,0,0,0,0,0,0
370,L56875,L,298.9,309.9,1592,32.0,60,0,0,0,0,0,0
371,L51338,L,301.9,310.4,1889,21.5,92,0,0,0,0,0,0
372,L50373,L,300.0,309.1,1401,44.5,0,0,0,0,0,0,0
373,L50882,L,302.0,311.2,1434,44.9,15,0,0,0,0,0,0
374,L56551,L,297.7,308.4,1289,51.3,82,0,0,0,0,0,0
375,L52850,L,302.2,311.5,1424,45.2,39,0,0,0,0,0,0
376,L54644,L,300.1,311.3,1535,42.3,92,0,0,0,0,0,0
377,L48202,L,296.2,307.2,1515,36.5,38,0,0,0,0,0,0
378,L56778,L,299.0,310.2,1490,41.1,54,0,0,0,0,0,0
379,L56769,L,299.2,310.4,1472,43.3,32,0,0,0,0,0,0
380,L56819,L,299.3,310.4,1725,26.8,167,0,0,0,0,0,0
381,L54535,L,299.6,310.2,1588,34.1,38,0,0,0,0,0,0
382,L57077,L,298.8,309.3,1357,47.1,176,0,0,0,0,0,0
383,L54004,L,300.9,310.7,1740,25.3,164,0,0,0,0,0,0
384,L47887,L,297.7,308.9,1838,27.3,99,0,0,0,0,0,0
385,L51485,L,301.6,310.1,1687,26.6,16,0,0,0,0,0,0
386,L50917,L,302.2,311.1,1351,48.6,110,0,0,0,0,0,0
387,L53171,L,300.7,310.7,1416,40.4,214,0,0,0,0,0,0
388,L56129,L,297.4,308.3,1284,60.3,50,0,0,0,0,0,0
389,L56395,L,297.9,308.8,1681,31.7,94,0,0,0,0,0,0
390,L49984,L,300.1,309.5,1450,40.1,100,0,0,0,0,0,0
391,L48518,L,298.6,310.1,1721,27.2,5,0,0,0,0,0,0
392,L51764,L,302.8,311.1,1550,32.3,76,0,0,0,0,0,0
393,L56936,L,298.6,309.8,1597,35.9,213,0,0,0,0,0,0
394,L50478,L,301.2,310.3,1499,38.1,61,0,0,0,0,0,0
395,L53257,L,300.9,310.7,1479,43.3,201,0,0,0,0,0,0
396,L56764,L,299.3,310.5,1529,41.3,17,0,0,0,0,0,0
397,L47201,L,298.8,309.3,1450,44.8,63,0,0,0,0,0,0
398,L55800,L,297.6,308.5,1475,42.4,24,0,0,0,0,0,0
399,L52033,L,303.7,312.2,1487,34.0,94,0,0,0,0,0,0
400,L51180,L,302.1,311.2,1422,50.3,146,0,0,0,0,0,0
401,L56153,L,296.8,307.4,1549,48.3,105,0,0,0,0,0,0
402,L50477,L,301.2,310.3,1548,38.6,59,0,0,0,0,0,0
403,L51213,L,302.1,310.8,1772,27.1,233,0,0,0,0,0,0
404,L51279,L,302.0,310.4,1464,47.2,159,0,0,0,0,0,0
405,L47654,L,297.4,309.1,1478,49.8,150,0,0,0,0,0,0
406,L57132,L,298.2,307.8,1429,46.9,117,0,0,0,0,0,0
407,L53859,L,301.6,310.8,1392,42.4,3,0,0,0,0,0,0
408,L55527,L,298.7,309.6,1665,31.1,178,0,0,0,0,0,0
409,L50592,L,301.3,310.3,1313,55.6,127,0,0,0,0,0,0
410,L54260,L,300.7,310.4,1543,47.3,203,0,0,0,0,0,0
411,L49008,L,297.8,307.2,1351,56.3,174,0,0,0,0,0,0
412,L53519,L,300.5,310.0,1451,48.6,208,0,0,0,0,0,0
413,L51169,L,302.2,311.3,1602,32.8,120,0,0,0,0,0,0
414,L53689,L,301.1,310.1,1564,36.8,7,0,0,0,0,0,0
415,L53714,L,301.3,310.6,1436,44.2,76,0,0,0,0,0,0
416,L51071,L,302.2,311.1,1418,47.0,61,0,0,0,0,0,0
417,L55737,L,298.3,309.0,1471,48.3,91,0,0,0,0,0,0
418,L55313,L,299.8,311.1,1466,46.1,58,0,0,0,0,0,0
419,L54278,L,300.7,310.2,1642,32.6,26,0,0,0,0,0,0
420,L49601,L,298.9,308.2,2384,15.0,19,0,0,0,0,0,0
421,L50090,L,300.6,309.5,1576,38.8,124,0,0,0,0,0,0
422,L51230,L,301.8,310.8,1456,46.6,35,0,0,0,0,0,0
423,L55447,L,299.2,310.7,1540,36.3,175,0,0,0,0,0,0
424,L53499,L,300.8,310.2,1514,40.0,155,0,0,0,0,0,0
425,L51997,L,303.5,312.1,1674,30.8,0,0,0,0,0,0,0
426,L55191,L,300.8,311.8,1427,43.3,180,0,0,0,0,0,0
427,L51452,L,302.5,310.8,1577,36.9,158,0,0,0,0,0,0
428,L54609,L,300.0,311.4,1590,33.6,5,0,0,0,0,0,0
429,L51529,L,301.9,309.7,1595,31.4,133,0,0,0,0,0,0
430,L50661,L,302.0,310.9,1663,31.5,81,0,0,0,0,0,0
431,L47725,L,297.6,309.4,1958,22.1,108,0,0,0,0,0,0
432,L54999,L,299.8,311.2,1369,46.2,146,0,0,0,0,0,0
433,L54680,L,300.2,311.8,1410,51.4,189,0,0,0,0,0,0
434,L52790,L,303.1,312.4,1407,41.2,107,0,0,0,0,0,0
435,L55265,L,300.2,311.4,1331,49.8,143,0,0,0,0,0,0
436,L47551,L,297.5,308.4,1604,38.1,106,0,0,0,0,0,0
437,L48881,L,298.0,307.7,1479,42.5,47,0,0,0,0,0,0
438,L52846,L,302.2,311.4,1430,43.1,29,0,0,0,0,0,0
439,L56883,L,298.9,310.0,1422,43.6,78,0,0,0,0,0,0
440,L50630,L,301.6,310.6,1506,43.4,222,0,0,0,0,0,0
441,L52968,L,301.8,311.5,1443,43.3,134,0,0,0,0,0,0
442,L55647,L,298.6,309.8,1704,28.3,64,0,0,0,0,0,0
443,L56498,L,298.5,309.4,1364,44.5,162,0,0,0,0,0,0
444,L56412,L,298.2,309.1,1350,52.0,136,0,0,0,0,0,0
445,L47234,L,298.7,309.0,1691,30.1,154,0,0,0,0,0,0
446,L56425,L,298.3,308.9,1708,27.3,170,0,0,0,0,0,0
447,L54508,L,300.0,310.5,1517,42.2,186,0,0,0,0,0,0
448,L54651,L,300.3,311.7,1365,53.3,113,0,0,0,0,0,0
449,L52599,L,302.6,312.3,1321,53.4,42,0,0,0,0,0,0
450,L55213,L,300.7,311.9,1485,38.8,9,0,0,0,0,0,0
451,L55361,L,299.7,311.2,1835,23.7,183,0,0,0,0,0,0
452,L49236,L,299.5,309.3,1333,54.1,147,0,0,0,0,0,0
453,L50209,L,300.4,309.5,1525,51.3,4,0,0,0,0,0,0
454,L55749,L,297.9,308.6,1757,27.5,118,0,0,0,0,0,0
455,L55346,L,299.7,311.1,1603,31.4,141,0,0,0,0,0,0
456,L55887,L,297.2,308.5,1471,41.7,41,0,0,0,0,0,0
457,L48731,L,298.4,308.8,1458,40.1,111,0,0,0,0,0,0
458,L53835,L,301.4,310.3,1639,32.7,171,0,0,0,0,0,0
459,L50163,L,300.6,309.6,1290,57.4,119,0,0,0,0,0,0
460,L47184,L,298.2,308.7,1408,40.0,9,0,0,0,0,0,0
461,L49191,L,298.7,308.5,1616,30.2,34,0,0,0,0,0,0
462,L48651,L,298.5,309.6,1421,53.6,122,0,0,0,0,0,0
463,L47472,L,298.1,308.4,1335,40.2,109,0,0,0,0,0,0
464,L56393,L,298.0,309.0,1679,32.4,90,0,0,0,0,0,0
465,L48449,L,298.1,309.5,1467,41.8,48,0,0,0,0,0,0
466,L52560,L,302.8,312.3,1494,37.5,198,0,0,0,0,0,0
467,L47407,L,298.3,308.5,1539,36.1,168,0,0,0,0,0,0
468,L51082,L,302.2,311.1,1630,34.6,94,0,0,0,0,0,0
469,L51728,L,302.6,310.5,1511,37.2,197,0,0,0,0,0,0
470,L52586,L,302.7,312.4,1360,47.8,11,0,0,0,0,0,0
471,L57036,L,298.6,309.5,1450,44.2,63,0,0,0,0,0,0
472,L48754,L,298.2,308.2,1478,50.1,166,0,0,0,0,0,0
473,L53110,L,300.3,310.3,1483,51.6,50,0,0,0,0,0,0
474,L51886,L,303.5,311.7,1959,22.3,157,0,0,0,0,0,0
475,L53330,L,301.1,311.1,1711,29.1,170,0,0,0,0,0,0
476,L48059,L,295.8,306.3,1337,54.6,87,0,0,0,0,0,0
477,L55989,L,297.3,308.5,1503,43.3,90,0,0,0,0,0,0
478,L53610,L,300.3,309.8,1523,39.2,24,0,0,0,0,0,0
479,L48153,L,295.9,306.6,1679,30.4,117,0,0,0,0,0,0
480,L49375,L,299.6,308.9,1613,30.8,80,0,0,0,0,0,0
481,L56562,L,297.5,308.2,1610,33.6,115,0,0,0,0,0,0
482,L56714,L,299.3,310.6,1443,45.7,97,0,0,0,0,0,0
483,L51915,L,303.2,311.5,1544,42.5,227,0,0,0,0,0,0
484,L53630,L,300.6,310.2,1378,47.3,71,0,0,0,0,0,0
485,L49202,L,298.7,308.4,1373,46.9,60,0,0,0,0,0,0
486,L55993,L,297.1,308.4,1693,29.5,100,0,0,0,0,0,0
487,L51820,L,303.1,311.2,1435,40.1,219,0,0,0,0,0,0
488,L47662,L,297.3,309.0,1548,37.4,171,0,0,0,0,0,0
489,L54950,L,300.3,311.5,1548,32.2,25,0,0,0,0,0,0
490,L55145,L,301.1,312.3,1464,35.3,65,0,0,0,0,0,0
491,L48490,L,298.9,310.2,1498,50.2,160,0,0,0,0,0,0
492,L55876,L,297.2,308.6,1413,49.8,12,0,0,0,0,0,0
493,L56310,L,297.6,308.6,1576,32.7,83,0,0,0,0,0,0
494,L50633,L,301.5,310.4,1425,54.4,7,0,0,0,0,0,0
495,L47359,L,298.2,308.3,1304,49.8,45,0,0,0,0,0,0
496,L49915,L,299.7,309.2,1412,45.4,147,0,0,0,0,0,0
497,L54875,L,300.6,311.7,1488,47.7,22,0,0,0,0,0,0
498,L52196,L,303.9,313.0,1408,47.5,76,0,0,0,0,0,0
499,L56223,L,297.4,308.4,1343,40.0,61,0,0,0,0,0,0
500,L56096,L,297.1,308.2,2267,15.7,181,0,0,0,0,0,0
501,L47647,L,297.2,308.5,2182,16.5,127,0,0,0,0,0,0
502,L47589,L,297.4,308.6,1459,41.3,196,0,0,0,0,0,0
503,L55388,L,299.2,310.7,1477,44.0,19,0,0,0,0,0,0
504,L56416,L,298.1,308.7,1556,31.6,145,0,0,0,0,0,0
505,L48326,L,297.0,307.9,1529,42.2,157,0,0,0,0,0,0
506,L48812,L,297.9,307.9,1426,43.6,89,0,0,0,0,0,0
507,L50913,L,302.2,311.1,1470,39.6,97,0,0,0,0,0,0
508,L53821,L,301.5,310.5,1702,28.7,135,0,0,0,0,0,0
509,L54812,L,300.5,311.6,1744,26.8,94,0,0,0,0,0,0
510,L47470,L,298.1,308.4,1438,45.6,105,0,0,0,0,0,0
511,L56548,L,297.7,308.4,1510,38.6,72,0,0,0,0,0,0
512,L52894,L,302.2,311.8,1618,36.0,158,0,0,0,0,0,0
513,L54369,L,300.4,310.4,1486,46.3,48,0,0,0,0,0,0
514,L55143,L,301.0,312.2,1510,39.9,61,0,0,0,0,0,0
515,L55210,L,300.6,312.0,1490,42.2,3,0,0,0,0,0,0
516,L50970,L,302.3,310.9,1412,48.9,28,0,0,0,0,0,0
517,L52301,L,304.2,313.6,1469,40.0,154,0,0,0,0,0,0
518,L52957,L,301.6,311.1,1408,44.4,106,0,0,0,0,0,0
519,L55701,L,298.4,309.5,1376,50.4,202,0,0,0,0,0,0
520,L53455,L,301.3,310.8,1628,32.2,43,0,0,0,0,0,0
521,L53565,L,300.1,309.7,1410,48.3,118,0,0,0,0,0,0
522,L55465,L,298.9,310.6,1387,52.7,2,0,0,0,0,0,0
523,L53743,L,301.5,310.7,1942,20.5,155,0,0,0,0,0,0
524,L56269,L,297.2,307.9,1989,20.3,186,0,0,0,0,0,0
525,L51419,L,302.3,311.0,1446,37.6,75,0,0,0,0,0,0
526,L49396,L,299.7,309.2,1645,30.8,137,0,0,0,0,0,0
527,L54912,L,300.6,312.0,1430,42.7,130,0,0,0,0,0,0
528,L51510,L,301.5,309.8,1549,38.5,81,0,0,0,0,0,0
529,L54675,L,300.3,311.9,1609,34.0,177,0,0,0,0,0,0
530,L56275,L,297.3,308.1,1458,45.7,202,0,0,0,0,0,0
531,L54345,L,300.2,310.1,1392,47.9,201,0,0,0,0,0,0
532,L54629,L,300.3,311.8,1418,45.9,53,0,0,0,0,0,0
533,L56283,L,297.3,308.2,1490,41.0,16,0,0,0,0,0,0
534,L53331,L,301.1,311.2,1555,35.3,172,0,0,0,0,0,0
535,L56314,L,297.7,308.7,1449,40.2,95,0,0,0,0,0,0
536,L54748,L,300.2,311.0,1627,33.7,147,0,0,0,0,0,0
537,L56796,L,298.9,310.1,1580,37.3,100,0,0,0,0,0,0
538,L55636,L,298.6,309.9,1556,38.6,36,0,0,0,0,0,0
539,L53506,L,300.6,310.0,1455,40.4,172,0,0,0,0,0,0
540,L49099,L,298.2,308.0,1658,30.0,3,0,0,0,0,0,0
541,L47742,L,297.6,309.5,1574,30.9,151,0,0,0,0,0,0
542,L53887,L,301.3,310.6,1556,39.0,72,0,0,0,0,0,0
543,L51693,L,302.4,310.3,1900,24.4,113,0,0,0,0,0,0
544,L52645,L,302.9,312.4,1424,49.5,155,0,0,0,0,0,0
545,L49993,L,300.0,309.3,1887,22.6,120,0,0,0,0,0,0
546,L48623,L,298.9,310.1,1602,38.2,58,0,0,0,0,0,0
547,L52561,L,302.8,312.4,1651,27.0,200,0,0,0,0,0,0
548,L51129,L,302.3,311.5,1384,50.8,13,0,0,0,0,0,0
549,L50871,L,302.1,311.2,1460,46.9,198,0,0,0,0,0,0
550,L47453,L,298.1,308.0,1426,46.0,61,0,0,0,0,0,0
551,L50902,L,302.2,311.2,1451,41.8,66,0,0,0,0,0,0
552,L49496,L,299.2,308.8,1542,39.2,179,0,0,0,0,0,0
553,L50031,L,300.5,309.3,1373,48.8,211,0,0,0,0,0,0
554,L50474,L,301.1,310.2,1657,34.1,52,0,0,0,0,0,0
555,L51979,L,303.5,312.5,1418,42.2,170,0,0,0,0,0,0
556,L47762,L,297.8,309.7,1341,49.2,208,0,0,0,0,0,0
557,L49134,L,297.9,307.8,1459,46.9,85,0,0,0,0,0,0
558,L55186,L,300.9,312.1,1462,46.0,166,0,0,0,0,0,0
559,L56289,L,297.5,308.6,1513,39.7,32,0,0,0,0,0,0
560,L52712,L,302.4,311.8,1476,46.6,110,0,0,0,0,0,0
561,L50436,L,301.1,309.8,1519,39.6,167,0,0,0,0,0,0
562,L54603,L,300.0,311.3,1407,47.3,208,0,0,0,0,0,0
563,L53957,L,301.2,310.7,1951,21.3,44,0,0,0,0,0,0
564,L54020,L,301.1,311.1,1799,21.7,206,0,0,0,0,0,0
565,L51121,L,302.2,311.4,1987,19.9,200,0,0,0,0,0,0
566,L48493,L,298.9,310.2,1359,56.9,166,0,0,0,0,0,0
567,L50500,L,301.5,310.5,2289,16.4,112,0,0,0,0,0,0
568,L48070,L,295.6,306.0,1370,52.4,115,0,0,0,0,0,0
569,L50690,L,301.7,311.0,1474,42.6,164,0,0,0,0,0,0
570,L48952,L,298.4,308.0,1508,47.9,25,0,0,0,0,0,0
571,L56095,L,297.1,308.3,1403,54.1,179,0,0,0,0,0,0
572,L48570,L,298.9,310.2,1409,54.8,140,0,0,0,0,0,0
573,L54913,L,300.6,312.0,1481,40.9,132,0,0,0,0,0,0
574,L52802,L,302.9,312.2,1571,40.6,139,0,0,0,0,0,0
575,L51070,L,302.3,311.2,1386,53.5,59,0,0,0,0,0,0
576,L54353,L,300.1,310.1,1684,30.8,13,0,0,0,0,0,0
577,L54540,L,299.5,310.1,1585,35.2,50,0,0,0,0,0,0
578,L54438,L,300.3,310.4,1742,25.9,7,0,0,0,0,0,0
579,L55275,L,300.2,311.7,1493,48.3,167,0,0,0,0,0,0
580,L53496,L,300.9,310.4,1544,36.0,148,0,0,0,0,0,0
581,L49534,L,299.3,308.6,1433,37.7,42,0,0,0,0,0,0
582,L55813,L,297.4,308.3,1336,53.7,61,0,0,0,0,0,0
583,L56513,L,298.5,309.0,1450,40.5,199,0,0,0,0,0,0
584,L54462,L,300.0,310.2,1486,36.4,66,0,0,0,0,0,0
585,L54778,L,300.5,311.1,1491,42.6,11,0,0,0,0,0,0
586,L49366,L,299.7,309.4,1445,42.9,55,0,0,0,0,0,0
587,L49696,L,298.8,308.5,1736,29.0,31,0,0,0,0,0,0
588,L49954,L,300.1,309.4,1559,39.7,24,0,0,0,0,0,0
589,L50718,L,302.0,311.1,1635,36.0,23,0,0,0,0,0,0
590,L56653,L,298.7,309.5,1446,40.0,160,0,0,0,0,0,0
591,L49526,L,299.2,308.4,1402,47.7,24,0,0,0,0,0,0
592,L49943,L,299.8,309.2,1491,47.5,216,0,0,0,0,0,0
593,L56114,L,297.3,308.2,1601,35.7,9,0,0,0,0,0,0
594,L54357,L,300.2,310.2,1415,49.6,21,0,0,0,0,0,0
595,L48054,L,295.9,306.4,1575,28.5,74,0,0,0,0,0,0
596,L55741,L,298.2,308.9,1332,44.4,100,0,0,0,0,0,0
597,L49023,L,297.6,307.1,1496,39.2,12,0,0,0,0,0,0
598,L49073,L,297.8,307.5,1631,29.9,144,0,0,0,0,0,0
599,L56540,L,298.0,308.6,1532,42.6,54,0,0,0,0,0,0
600,L53307,L,300.9,310.9,1228,66.4,109,0,0,0,0,0,0
601,L51001,L,302.3,310.9,1596,33.5,104,0,0,0,0,0,0
602,L48726,L,298.4,308.9,1391,48.4,100,0,0,0,0,0,0
603,L54873,L,300.6,311.6,1964,21.4,15,0,0,0,0,0,0
604,L49854,L,299.7,309.3,1546,37.2,4,0,0,0,0,0,0
605,L48119,L,295.5,306.1,1488,40.7,31,0,0,0,0,0,0
606,L55162,L,301.0,312.3,1488,42.6,107,0,0,0,0,0,0
607,L49695,L,298.8,308.5,1490,35.0,29,0,0,0,0,0,0
608,L50899,L,302.4,311.5,1590,39.9,58,0,0,0,0,0,0
609,L57130,L,298.1,307.8,1413,54.1,113,0,0,0,0,0,0
610,L56773,L,299.1,310.2,1352,52.8,41,0,0,0,0,0,0
611,L48148,L,295.9,306.7,1547,40.9,107,0,0,0,0,0,0
612,L56682,L,299.3,310.2,1495,49.2,16,0,0,0,0,0,0
613,L55146,L,301.0,312.2,1602,35.9,67,0,0,0,0,0,0
614,L48752,L,298.2,308.3,1230,59.6,162,0,0,0,0,0,0
615,L52771,L,302.5,312.0,1574,33.8,63,0,0,0,0,0,0
616,L55134,L,301.0,311.9,1454,41.9,33,0,0,0,0,0,0
617,L51137,L,302.2,311.4,1510,44.9,33,0,0,0,0,0,0
618,L52416,L,303.8,313.1,1394,45.4,36,0,0,0,0,0,0
619,L47912,L,297.2,308.6,1924,22.1,163,0,0,0,0,0,0
620,L49776,L,299.0,308.7,1426,38.6,16,0,0,0,0,0,0
621,L50631,L,301.6,310.6,1455,43.9,0,0,0,0,0,0,0
622,L53795,L,301.7,310.6,1545,42.1,68,0,0,0,0,0,0
623,L50870,L,302.1,311.3,1477,43.6,196,0,0,0,0,0,0
624,L55640,L,298.7,309.9,1372,54.7,44,0,0,0,0,0,0
625,L51733,L,302.6,310.5,1461,45.4,0,0,0,0,0,0,0
626,L55981,L,297.4,308.6,1488,36.4,71,0,0,0,0,0,0
627,L48915,L,298.4,308.0,1380,47.6,130,0,0,0,0,0,0
628,L48644,L,298.8,310.0,1412,46.3,107,0,0,0,0,0,0
629,L51699,L,302.4,310.4,1666,29.7,125,0,0,0,0,0,0
630,L53975,L,301.4,310.8,1477,50.4,90,0,0,0,0,0,0
631,L55238,L,300.3,311.6,1515,44.9,69,0,0,0,0,0,0
632,L55541,L,298.6,309.5,1450,44.3,7,0,0,0,0,0,0
633,L51651,L,302.8,310.6,1670,29.1,2,0,0,0,0,0,0
634,L50892,L,302.3,311.5,1543,33.1,39,0,0,0,0,0,0
635,L48208,L,296.3,307.4,1472,39.9,51,0,0,0,0,0,0
636,L47992,L,296.8,307.6,1338,44.4,128,0,0,0,0,0,0
637,L54400,L,299.8,309.7,1429,42.6,127,0,0,0,0,0,0
638,L48392,L,296.9,307.9,1359,56.5,110,0,0,0,0,0,0
639,L53208,L,300.6,310.9,1472,47.6,75,0,0,0,0,0,0
640,L47564,L,297.5,308.5,1712,26.8,136,0,0,0,0,0,0
641,L54354,L,300.2,310.2,1530,48.5,15,0,0,0,0,0,0
642,L56576,L,297.8,308.3,1498,47.3,160,0,0,0,0,0,0
643,L55264,L,300.2,311.4,1483,44.4,141,0,0,0,0,0,0
644,L53106,L,300.2,310.1,1440,51.1,41,0,0,0,0,0,0
645,L50996,L,302.1,310.6,1459,47.6,93,0,0,0,0,0,0
646,L55802,L,297.5,308.3,1437,42.3,29,0,0,0,0,0,0
647,L47837,L,297.7,309.2,1365,58.6,170,0,0,0,0,0,0
648,L53869,L,301.7,311.0,1546,43.0,23,0,0,0,0,0,0
649,L57025,L,298.3,309.1,1421,47.4,33,0,0,0,0,0,0
650,L50177,L,300.5,309.8,1345,62.7,153,0,0,0,0,0,0
651,L50669,L,301.9,310.9,1542,36.7,101,0,0,0,0,0,0
652,L54140,L,300.7,311.0,1413,52.0,91,0,0,0,0,0,1
653,L49120,L,298.1,307.9,1578,35.6,55,0,0,0,0,0,0
654,L47843,L,297.5,308.9,1469,44.0,185,0,0,0,0,0,0
655,L51100,L,302.6,311.5,1885,27.5,147,0,0,0,0,0,0
656,L52231,L,303.9,313.0,1480,39.9,176,0,0,0,0,0,0
657,L52417,L,303.8,313.0,1499,42.3,38,0,0,0,0,0,0
658,L56908,L,298.8,309.8,1563,33.7,143,0,0,0,0,0,0
659,L48323,L,297.0,307.9,1479,39.2,151,0,0,0,0,0,0
660,L50225,L,300.2,309.4,1526,35.3,46,0,0,0,0,0,0
661,L50429,L,301.1,309.8,1493,38.9,149,0,0,0,0,0,0
662,L47805,L,298.3,310.1,1545,36.3,90,0,0,0,0,0,0
663,L55024,L,300.1,311.7,1503,42.6,208,0,0,0,0,0,0
664,L49244,L,299.6,309.5,1453,41.4,168,0,0,0,0,0,0
665,L48583,L,299.0,310.2,1372,48.0,174,0,0,0,0,0,0
666,L50165,L,300.7,309.8,1596,31.5,123,0,0,0,0,0,0
667,L50437,L,301.2,309.9,1984,19.7,169,0,0,0,0,0,0
668,L49594,L,299.1,308.5,1415,43.4,0,0,0,0,0,0,0
669,L48852,L,298.1,307.8,1432,49.8,198,0,0,0,0,0,0
670,L48901,L,298.2,307.7,1688,32.4,91,0,0,0,0,0,0
671,L56759,L,299.5,310.7,1589,33.5,5,0,0,0,0,0,0
672,L50998,L,302.1,310.7,1491,42.8,98,0,0,0,0,0,0
673,L48112,L,295.6,306.0,1363,50.0,14,0,0,0,0,0,0
674,L47971,L,296.8,307.9,1611,35.4,72,0,0,0,0,0,0
675,L56158,L,296.9,307.6,1435,45.0,119,0,0,0,0,0,0
676,L51690,L,302.4,310.2,1346,62.4,106,1,0,1,0,0,0
677,L51791,L,303.0,311.3,1365,56.2,146,1,0,1,0,0,0
678,L51450,L,302.6,310.9,1331,52.0,154,1,0,1,0,0,0
679,L49195,L,298.5,308.2,1301,66.3,42,1,0,0,1,0,0
680,L47766,L,297.6,309.6,1501,49.8,222,1,0,0,0,1,0
681,L49413,L,299.5,308.7,2549,13.0,179,1,0,0,1,0,0
682,L54267,L,300.6,310.3,1648,30.5,217,1,1,0,0,0,0
683,L49778,L,299.1,308.8,1320,67.5,20,1,0,0,1,0,0
684,L51780,L,303.0,311.0,1359,44.2,115,1,0,1,0,0,0
685,L54460,L,299.9,310.2,1288,69.6,62,1,0,0,1,0,0
686,L51841,L,303.3,311.3,1350,48.1,32,1,0,1,0,0,0
687,L47422,L,298.0,308.2,1348,58.8,202,1,0,0,0,1,0
688,L49682,L,299.2,309.0,1515,48.9,228,1,0,0,0,1,0
689,L51310,L,301.9,310.4,1286,62.8,22,1,0,1,0,0,0
690,L51318,L,301.7,310.2,1311,57.4,40,1,0,1,0,0,0
691,L54347,L,300.3,310.3,1362,60.3,206,1,0,0,0,1,0
692,L56833,L,299.0,309.9,1373,55.7,201,1,0,0,0,1,0
693,L50038,L,300.5,309.3,1417,51.5,231,1,0,0,0,1,0
694,L49255,L,299.5,309.4,1390,58.8,195,1,0,0,0,1,0
695,L51724,L,302.5,310.4,1349,55.1,187,1,0,1,0,0,0
696,L48689,L,298.0,308.5,1429,37.7,220,1,1,0,0,0,0
697,L52241,L,304.0,312.9,1363,62.5,200,1,0,0,0,1,0
698,L47429,L,298.0,308.3,1405,56.2,218,1,0,0,0,1,0
699,M17640,M,300.2,309.6,1556,35.8,36,0,0,0,0,0,0
700,M22687,M,299.8,311.1,1452,44.3,167,0,0,0,0,0,0
701,M17977,M,300.1,309.3,1469,43.9,20,0,0,0,0,0,0
702,M21406,M,301.4,310.8,1530,39.9,107,0,0,0,0,0,0
703,M18926,M,301.9,310.7,1472,47.0,73,0,0,0,0,0,0
704,M16585,M,298.3,307.8,1392,50.4,101,0,0,0,0,0,0
705,M14882,M,298.9,309.3,1581,30.7,65,0,0,0,0,0,0
706,M20918,M,300.9,310.9,1636,35.3,153,0,0,0,0,0,0
707,M15805,M,295.7,306.3,1347,50.4,46,0,0,0,0,0,0
708,M23743,M,297.9,309.2,1529,38.1,96,0,0,0,0,0,0
709,M19283,M,302.6,310.2,1563,39.0,97,0,0,0,0,0,0
710,M19157,M,301.8,310.2,1609,34.2,217,0,0,0,0,0,0
711,M24108,M,298.3,309.1,1488,40.6,176,0,0,0,0,0,0
712,M24250,M,297.5,308.0,1560,39.0,141,0,0,0,0,0,0
713,M20638,M,301.7,311.1,1489,41.4,108,0,0,0,0,0,0
714,M20427,M,302.5,312.0,1445,54.8,0,0,0,0,0,0,0
715,M21172,M,300.9,310.2,1533,38.1,137,0,0,0,0,0,0
716,M17848,M,300.6,309.8,1532,42.5,130,0,0,0,0,0,0
717,M16441,M,298.2,308.3,1560,33.0,181,0,0,0,0,0,0
718,M17138,M,299.3,308.7,1459,35.6,87,0,0,0,0,0,0
719,M15988,M,296.8,307.9,1843,25.2,116,0,0,0,0,0,0
720,M19237,M,301.8,309.6,1436,49.0,214,0,0,0,0,0,0
721,M19851,M,303.9,313.0,1475,41.0,11,0,0,0,0,0,0
722,M23473,M,297.5,308.5,1401,50.5,6,0,0,0,0,0,0
723,M18914,M,301.9,310.9,1456,43.6,45,0,0,0,0,0,0
724,M18375,M,301.9,311.1,1605,40.0,179,0,0,0,0,0,0
725,M18498,M,302.3,311.5,1445,44.8,65,0,0,0,0,0,0
726,M18790,M,302.6,311.6,2041,19.2,174,0,0,0,0,0,0
727,M21665,M,301.0,310.7,1497,37.6,116,0,0,0,0,0,0
728,M17747,M,300.5,309.5,1691,27.6,67,0,0,0,0,0,0
729,M17036,M,299.6,309.3,1387,48.3,25,0,0,0,0,0,0
730,M21516,M,301.4,310.4,1553,44.7,173,0,0,0,0,0,0
731,M17988,M,300.1,309.5,1462,42.8,50,0,0,0,0,0,0
732,M21383,M,301.1,310.2,1850,27.7,44,0,0,0,0,0,0
733,M17492,M,300.0,309.7,1652,28.6,112,0,0,0,0,0,0
734,M21485,M,301.6,310.7,1421,44.4,94,0,0,0,0,0,0
735,M22921,M,300.2,311.6,1465,41.4,78,0,0,0,0,0,0
736,M20655,M,301.9,311.4,1465,39.9,153,0,0,0,0,0,0
737,M15675,M,296.8,307.5,1516,36.7,135,0,0,0,0,0,0
738,M16052,M,297.2,308.3,1431,43.7,46,0,0,0,0,0,0
739,M19989,M,304.1,313.3,1725,28.3,177,0,0,0,0,0,0
740,M20067,M,303.8,312.7,1488,41.3,175,0,0,0,0,0,0
741,M18783,M,302.6,311.4,1718,31.2,154,0,0,0,0,0,0
742,M16842,M,298.0,307.7,1487,41.3,160,0,0,0,0,0,0
743,M18992,M,301.8,310.3,1409,52.5,26,0,0,0,0,0,0
744,M18906,M,301.9,310.9,1421,46.2,26,0,0,0,0,0,0
745,M24748,M,298.8,309.6,1575,34.4,149,0,0,0,0,0,0
746,M24669,M,298.2,309.0,1353,50.3,150,0,0,0,0,0,0
747,M21007,M,301.1,311.1,2089,19.8,162,0,0,0,0,0,0
748,M18334,M,301.9,310.8,1557,35.3,65,0,0,0,0,0,0
749,M19031,M,302.2,310.5,1832,23.7,129,0,0,0,0,0,0
750,M23368,M,298.4,309.7,1679,33.3,167,0,0,0,0,0,0
751,M24275,M,298.2,308.7,1361,44.2,0,0,0,0,0,0,0
752,M20144,M,303.8,313.2,1732,29.6,147,0,0,0,0,0,0
753,M17767,M,300.6,309.4,1581,35.7,117,0,0,0,0,0,0
754,M15293,M,297.6,308.5,1848,23.7,37,0,0,0,0,0,0
755,M16899,M,299.0,308.9,1449,39.6,105,0,0,0,0,0,0
756,M17717,M,300.4,309.2,1528,37.2,228,0,0,0,0,0,0
757,M18868,M,302.2,311.2,1471,41.9,166,0,0,0,0,0,0
758,M23226,M,298.9,309.8,1836,22.8,18,0,0,0,0,0,0
759,M20744,M,301.3,311.1,1438,43.0,137,0,0,0,0,0,0
760,M23948,M,297.1,307.9,1662,26.9,183,0,0,0,0,0,0
761,M23453,M,297.4,308.0,1601,34.6,181,0,0,0,0,0,0
762,M23193,M,298.8,309.7,1477,48.5,138,0,0,0,0,0,0
763,M15944,M,297.0,307.7,1498,47.1,199,0,0,0,0,0,0
764,M18554,M,302.1,311.3,1511,45.0,204,0,0,0,0,0,0
765,M17642,M,300.2,309.6,1491,41.8,41,0,0,0,0,0,0
766,M24320,M,298.4,309.2,1399,45.2,125,0,0,0,0,0,0
767,M23393,M,298.6,309.4,1465,41.1,30,0,0,0,0,0,0
768,M19808,M,303.8,312.7,1500,41.7,125,0,0,0,0,0,0
769,M21443,M,301.5,310.5,1503,38.2,200,0,0,0,0,0,0
770,M19402,M,302.5,310.4,1581,32.7,181,0,0,0,0,0,0
771,M18108,M,301.0,309.7,1511,39.3,146,0,0,0,0,0,0
772,M21563,M,301.5,310.7,1744,28.2,61,0,0,0,0,0,0
773,M18986,M,302.0,310.6,1623,34.3,9,0,0,0,0,0,0
774,M22058,M,300.0,309.9,1530,34.5,71,0,0,0,0,0,0
775,M20209,M,303.3,312.7,1642,33.6,104,0,0,0,0,0,0
776,M21708,M,301.1,311.3,1389,53.3,8,0,0,0,0,0,0
777,M23051,M,299.6,310.9,1630,29.8,206,0,0,0,0,0,0
778,M20248,M,302.8,312.3,1432,49.0,218,0,0,0,0,0,0
779,M18983,M,302.1,310.6,1517,38.9,2,0,0,0,0,0,0
780,M21009,M,301.0,311.1,1420,47.4,167,0,0,0,0,0,0
781,M21705,M,301.3,311.5,1648,32.4,0,0,0,0,0,0,0
782,M24397,M,299.3,310.6,1457,42.1,104,0,0,0,0,0,0
783,M15011,M,298.4,308.2,1463,37.6,188,0,0,0,0,0,0
784,M24348,M,298.9,309.6,1567,34.5,204,0,0,0,0,0,0
785,M20867,M,300.7,310.6,1349,54.5,19,0,0,0,0,0,0
786,M23934,M,297.2,308.1,1554,41.3,147,0,0,0,0,0,0
787,M16584,M,298.3,307.8,1457,52.5,98,0,0,0,0,0,0
788,M22040,M,300.2,310.2,1628,30.3,27,0,0,0,0,0,0
789,M16698,M,297.8,307.2,1456,39.6,199,0,0,0,0,0,0
790,M23950,M,297.2,307.9,1747,29.0,188,0,0,0,0,0,0
791,M22260,M,299.6,310.6,1633,34.2,151,0,0,0,0,0,0
792,M20158,M,303.7,313.1,2130,18.1,185,0,0,0,0,0,0
793,M17105,M,299.3,308.4,1438,42.3,0,0,0,0,0,0,0
794,M22730,M,300.6,312.1,1293,52.3,49,0,0,0,0,0,0
795,M16634,M,298.5,308.0,1519,37.3,29,0,0,0,0,0,0
796,M23929,M,297.2,308.2,1678,28.1,133,0,0,0,0,0,0
797,M19871,M,303.7,312.8,1634,33.8,63,0,0,0,0,0,0
798,M23346,M,298.5,309.5,1501,40.2,114,0,0,0,0,0,0
799,M18457,M,301.7,310.5,1724,33.0,171,0,0,0,0,0,0
800,M18387,M,301.9,310.9,1573,38.9,209,0,0,0,0,0,0
801,M23250,M,298.8,309.8,1288,61.9,79,0,0,0,0,0,0
802,M17573,M,299.6,309.2,1651,30.8,92,0,0,0,0,0,0
803,M15399,M,297.4,309.3,1775,25.8,91,0,0,0,0,0,0
804,M18631,M,302.3,311.0,1384,49.7,192,0,0,0,0,0,0
805,M20228,M,303.1,312.5,1667,30.0,160,0,0,0,0,0,0
806,M15545,M,297.7,309.0,1636,29.7,32,0,0,0,0,0,0
807,M23568,M,297.2,308.5,1364,54.0,43,0,0,0,0,0,0
808,M18590,M,302.3,311.2,1405,47.7,88,0,0,0,0,0,0
809,M22392,M,300.0,311.3,1629,32.1,55,0,0,0,0,0,0
810,M18683,M,302.3,310.9,1581,36.1,109,0,0,0,0,0,0
811,M19983,M,304.2,313.5,1532,41.3,161,0,0,0,0,0,0
812,M23943,M,297.2,307.9,1541,35.7,169,0,0,0,0,0,0
813,M15465,M,297.9,309.8,1693,29.9,35,0,0,0,0,0,0
814,M19952,M,303.9,313.2,1608,40.6,79,0,0,0,0,0,0
815,M19582,M,303.4,311.8,1391,42.7,197,0,0,0,0,0,0
816,M16245,M,298.9,310.2,1603,36.1,126,0,0,0,0,0,0
817,M18105,M,301.0,309.6,1588,32.7,138,0,0,0,0,0,0
818,M22400,M,300.2,311.3,1587,31.2,73,0,0,0,0,0,0
819,M20227,M,303.1,312.5,1766,26.7,157,0,0,0,0,0,0
820,M24019,M,297.5,308.6,1510,35.5,155,0,0,0,0,0,0
821,M15541,M,297.7,309.0,1656,33.2,20,0,0,0,0,0,0
822,M20357,M,302.9,312.5,1551,40.0,20,0,0,0,0,0,0
823,M16359,M,298.1,308.8,2206,16.3,195,0,0,0,0,0,0
824,M17247,M,299.2,308.5,1474,47.2,132,0,0,0,0,0,0
825,M16152,M,298.7,309.7,1868,23.8,118,0,0,0,0,0,0
826,M19020,M,302.0,310.4,1608,33.1,97,0,0,0,0,0,0
827,M15204,M,297.5,308.2,2448,13.8,29,0,0,0,0,0,0
828,M19598,M,303.2,311.4,2102,19.0,5,0,0,0,0,0,0
829,M18508,M,302.2,311.5,1443,47.0,90,0,0,0,0,0,0
830,M21726,M,301.0,311.3,1454,41.5,57,0,0,0,0,0,0
831,M19854,M,303.5,312.6,1642,29.4,18,0,0,0,0,0,0
832,M20900,M,300.7,311.1,1438,46.6,103,0,0,0,0,0,0
833,M20356,M,302.9,312.5,1924,24.0,17,0,0,0,0,0,0
834,M17895,M,300.6,309.7,1428,42.6,23,0,0,0,0,0,0
835,M23979,M,297.4,308.4,1675,29.5,59,0,0,0,0,0,0
836,M19751,M,303.7,312.3,1756,26.4,190,0,0,0,0,0,0
837,M15237,M,297.4,308.2,1424,53.9,120,0,0,0,0,0,0
838,M16543,M,297.9,307.4,1403,52.8,0,0,0,0,0,0,0
839,M22101,M,299.9,310.0,1484,42.1,182,0,0,0,0,0,0
840,M18589,M,302.4,311.3,1312,61.5,85,0,0,0,0,0,0
841,M19955,M,304.1,313.5,1428,39.9,88,0,0,0,0,0,0
842,M15702,M,296.6,307.5,1566,35.0,201,0,0,0,0,0,0
843,M16381,M,298.2,308.9,1585,34.3,33,0,0,0,0,0,0
844,M22288,M,300.0,311.4,1864,23.3,2,0,0,0,0,0,0
845,M20305,M,303.0,312.8,1648,32.1,104,0,0,0,0,0,0
846,M16178,M,299.0,310.3,1582,33.3,177,0,0,0,0,0,0
847,M18759,M,302.1,311.0,1711,28.7,83,0,0,0,0,0,0
848,M17624,M,299.9,309.3,1389,52.8,0,0,0,0,0,0,0
849,M24098,M,298.2,308.8,1456,41.2,150,0,0,0,0,0,0
850,M18413,M,301.8,310.8,1618,37.8,59,0,0,0,0,0,0
851,M22852,M,301.1,312.3,1852,25.9,131,0,0,0,0,0,0
852,M23238,M,298.8,309.9,1331,61.6,46,0,0,0,0,0,0
853,M18707,M,302.3,311.0,1450,45.7,175,0,0,0,0,0,0
854,M18760,M,302.1,311.1,1450,51.6,86,0,0,0,0,0,0
855,M16789,M,298.0,307.8,1483,50.9,26,0,0,0,0,0,0
856,M17426,M,299.3,309.0,1420,41.6,155,0,0,0,0,0,0
857,M15506,M,297.7,309.4,1461,43.7,142,0,0,0,0,0,0
858,M24422,M,299.7,311.0,1435,50.1,168,0,0,0,0,0,0
859,M17064,M,299.7,309.1,1352,46.1,102,0,0,0,0,0,0
860,M20934,M,301.0,310.8,1533,39.3,194,0,0,0,0,0,0
861,M19116,M,302.6,311.0,1591,33.9,119,0,0,0,0,0,0
862,M15568,M,297.6,308.8,1416,45.9,101,0,0,0,0,0,0
863,M18431,M,301.7,310.6,1691,27.7,105,0,0,0,0,0,0
864,M15993,M,296.8,307.9,1418,47.9,127,0,0,0,0,0,0
865,M22107,M,300.0,310.1,1314,53.5,199,0,0,0,0,0,0
866,M19890,M,303.9,313.1,1437,48.3,110,0,0,0,0,0,0
867,M14948,M,299.0,309.0,1419,45.2,27,0,0,0,0,0,0
868,M23050,M,299.7,310.9,1620,37.2,203,0,0,0,0,0,0
869,M17756,M,300.7,309.5,1633,31.3,90,0,0,0,0,0,0
870,M17626,M,299.9,309.4,1889,26.0,6,0,0,0,0,0,0
871,M22262,M,299.8,310.8,1463,43.5,156,0,0,0,0,0,0
872,M23303,M,298.6,309.9,1668,32.3,6,0,0,0,0,0,0
873,M15211,M,297.6,308.4,1611,31.0,48,0,0,0,0,0,0
874,M16610,M,298.4,307.8,1617,31.6,173,0,0,0,0,0,0
875,M18995,M,301.7,310.3,1787,26.7,33,0,0,0,0,0,0
876,M22542,M,300.7,311.7,1412,49.1,219,0,0,0,0,0,0
877,M23584,M,297.2,308.6,1513,39.0,78,0,0,0,0,0,0
878,M19403,M,302.6,310.5,1542,39.9,184,0,0,0,0,0,0
879,M21006,M,301.1,311.1,1470,40.6,159,0,0,0,0,0,0
880,M19736,M,303.7,312.4,1540,37.4,146,0,0,0,0,0,0
881,M14949,M,298.9,308.9,1487,39.5,30,0,0,0,0,0,0
882,M18518,M,302.2,311.5,1449,44.5,113,0,0,0,0,0,0
883,M16911,M,299.4,309.2,1470,44.4,135,0,0,0,0,0,0
884,M17011,M,299.3,308.7,1289,51.5,185,0,0,0,0,0,0
885,M23148,M,298.8,310.6,1640,33.8,9,0,0,0,0,0,0
886,M21096,M,301.3,310.9,1512,36.9,159,0,0,0,0,0,0
887,M14992,M,298.7,308.4,1441,43.2,132,0,0,0,0,0,0
888,M21873,M,300.4,310.4,1544,36.3,21,0,0,0,0,0,0
889,M16711,M,297.7,307.3,1365,49.2,36,0,0,0,0,0,0
890,M15682,M,296.7,307.6,1547,34.7,150,0,0,0,0,0,0
891,M18837,M,302.2,311.3,1510,36.6,91,0,0,0,0,0,0
892,M22602,M,300.5,311.9,1323,57.9,155,0,0,0,0,0,0
893,M15104,M,298.0,308.2,1395,49.1,206,0,0,0,0,0,0
894,M19052,M,302.5,311.0,1463,43.1,181,0,0,0,0,0,0
895,M19906,M,304.1,313.2,1410,42.4,155,0,0,0,0,0,0
896,M18131,M,301.4,310.0,1689,32.1,207,0,0,0,0,0,0
897,M22966,M,300.4,312.0,1596,30.4,191,0,0,0,0,0,0
898,M21142,M,301.3,310.8,1418,45.4,59,0,0,0,0,0,0
899,M22212,M,299.7,310.2,1440,42.8,30,0,0,0,0,0,0
900,M19179,M,301.6,310.2,1411,45.1,54,0,0,0,0,0,0
901,M23620,M,297.4,308.7,1392,46.4,174,0,0,0,0,0,0
902,M16486,M,297.9,307.8,1303,59.3,75,0,0,0,0,0,0
903,M20282,M,302.7,312.4,1422,44.5,49,0,0,0,0,0,0
904,M21924,M,300.8,310.5,1696,29.7,162,0,0,0,0,0,0
905,M21791,M,300.8,311.4,1521,39.9,15,0,0,0,0,0,0
906,M18407,M,301.9,311.0,1467,48.1,43,0,0,0,0,0,0
907,M17978,M,300.2,309.5,1458,46.9,23,0,0,0,0,0,0
908,M19115,M,302.5,311.0,1387,52.1,116,0,0,0,0,0,0
909,M18782,M,302.6,311.4,1757,29.5,151,0,0,0,0,0,0
910,M16274,M,298.7,309.8,1570,42.1,200,0,0,0,0,0,0
911,M19905,M,304.1,313.2,1510,46.9,152,0,0,0,0,0,0
912,M21064,M,300.9,310.8,1519,34.9,73,0,0,0,0,0,0
913,M21766,M,301.0,311.5,1530,43.9,165,0,0,0,0,0,0
914,M17096,M,299.3,308.5,1422,43.1,186,0,0,0,0,0,0
915,M21264,M,300.2,309.7,1183,61.4,170,0,0,0,0,0,0
916,M18695,M,302.3,311.1,1435,43.1,149,0,0,0,0,0,0
917,M23600,M,297.4,308.8,1573,33.9,123,0,0,0,0,0,0
918,M15699,M,296.5,307.4,1565,43.5,194,0,0,0,0,0,0
919,M21746,M,300.8,311.3,1465,43.2,113,0,0,0,0,0,0
920,M24623,M,298.6,309.6,1635,29.7,9,0,0,0,0,0,0
921,M18811,M,302.3,311.4,1571,32.7,17,0,0,0,0,0,0
922,M19816,M,303.8,312.5,2344,15.2,146,0,0,0,0,0,0
923,M20883,M,300.7,310.9,1369,51.2,63,0,0,0,0,0,0
924,M21259,M,300.1,309.6,1501,38.0,157,0,0,0,0,0,0
925,M15953,M,296.8,307.5,1443,39.2,13,0,0,0,0,0,0
926,M17757,M,300.6,309.5,1530,40.2,93,0,0,0,0,0,0
927,M23063,M,299.4,310.9,1473,40.1,7,0,0,0,0,0,0
928,M22418,M,300.3,311.4,1386,48.1,119,0,0,0,0,0,0
929,M18438,M,301.7,310.5,1625,35.9,121,0,0,0,0,0,0
930,M24088,M,298.1,309.1,1572,37.5,126,0,0,0,0,0,0
931,M15142,M,298.1,308.1,1390,49.8,85,0,0,0,0,0,0
932,M20419,M,302.5,312.0,1451,43.2,189,0,0,0,0,0,0
933,M19972,M,304.1,313.6,1441,43.7,131,0,0,0,0,0,0
934,M23208,M,298.7,309.6,1452,42.7,180,0,0,0,0,0,0
935,M24066,M,297.9,308.9,1547,44.0,72,0,0,0,0,0,0
936,M17825,M,300.7,309.5,1838,24.9,66,0,0,0,0,0,0
937,M20233,M,302.9,312.3,1809,25.0,180,0,0,0,0,0,0
938,M18512,M,302.1,311.5,1341,50.8,99,0,0,0,0,0,0
939,M22063,M,299.8,309.6,1434,48.0,82,0,0,0,0,0,0
940,M21197,M,300.4,309.8,1435,43.6,203,0,0,0,0,0,0
941,M17418,M,299.2,309.0,1881,23.9,137,0,0,0,0,0,0
942,M17886,M,300.4,309.5,1888,21.9,221,0,0,0,0,0,0
943,M21553,M,301.8,311.0,1756,26.7,33,0,0,0,0,0,0
944,M20449,M,302.5,311.9,1298,57.5,57,0,0,0,0,0,0
945,M16671,M,298.1,307.8,1569,31.2,131,0,0,0,0,0,0
946,M21192,M,300.5,309.9,1994,19.8,189,0,0,0,0,0,0
947,M18580,M,302.4,311.4,1508,41.2,60,0,0,0,0,0,0
948,M19767,M,303.6,312.5,1607,33.7,14,0,0,0,0,0,0
949,M21657,M,301.2,310.7,1615,34.9,95,0,0,0,0,0,0
950,M14876,M,298.6,309.2,1311,46.6,44,0,0,0,0,0,0
951,M18075,M,300.5,309.4,2179,16.3,59,0,0,0,0,0,0
952,M16540,M,297.9,307.4,1610,34.6,219,0,0,0,0,0,0
953,M17218,M,299.2,308.4,1381,42.5,54,0,0,0,0,0,0
954,M21883,M,300.7,310.6,1572,38.5,50,0,0,0,0,0,0
955,M18621,M,302.4,311.0,1490,37.1,168,0,0,0,0,0,0
956,M24614,M,298.5,309.7,1552,34.0,205,0,0,0,0,0,0
957,M18758,M,302.1,311.1,1423,36.8,80,0,0,0,0,0,0
958,M15872,M,296.1,307.1,1433,38.5,14,0,0,0,0,0,0
959,M16957,M,299.4,309.4,1326,47.5,35,0,0,0,0,0,0
960,M21228,M,300.0,309.6,1423,48.7,67,0,0,0,0,0,0
961,M17487,M,299.8,309.6,1346,53.2,95,0,0,0,0,0,0
962,M22148,M,300.2,310.6,1983,20.8,83,0,0,0,0,0,0
963,M20528,M,302.2,311.4,1432,45.3,33,0,0,0,0,0,0
964,M24009,M,297.5,308.6,1429,50.5,129,0,0,0,0,0,0
965,M18128,M,301.3,310.1,1525,37.8,199,0,0,0,0,0,0
966,M16308,M,299.0,310.3,1657,31.0,70,0,0,0,0,0,0
967,M22070,M,299.8,309.6,1331,50.2,98,0,0,0,0,0,0
968,M22085,M,299.8,309.7,1910,21.8,141,0,0,0,0,0,0
969,M16262,M,298.9,310.1,1313,56.8,171,0,0,0,0,0,0
970,M22875,M,301.0,312.0,1558,37.5,190,0,0,0,0,0,0
971,M15712,M,296.3,307.3,1368,49.5,10,0,0,0,0,0,0
972,M16552,M,298.1,307.6,1764,27.7,23,0,0,0,0,0,0
973,M16286,M,298.7,309.7,1622,34.6,8,0,0,0,0,0,0
974,M22143,M,300.0,310.2,1443,58.7,68,0,0,0,0,0,0
975,M18594,M,302.2,311.2,1873,24.0,99,0,0,0,0,0,0
976,M14873,M,298.6,309.2,1742,30.0,37,0,0,0,0,0,0
977,M19557,M,303.5,311.6,1573,34.0,134,0,0,0,0,0,0
978,M22110,M,300.1,310.2,1429,42.0,206,0,0,0,0,0,0
979,M19352,M,302.6,310.5,1420,56.4,57,0,0,0,0,0,0
980,M19487,M,303.0,311.2,1592,38.9,188,0,0,0,0,0,0
981,M23029,M,299.8,311.2,1745,26.3,150,0,0,0,0,0,0
982,M22307,M,300.3,311.9,1677,30.8,48,0,0,0,0,0,0
983,M19741,M,303.8,312.6,1406,47.1,162,0,0,0,0,0,0
984,M15243,M,297.5,308.6,1842,27.0,133,0,0,0,0,0,0
985,M18591,M,302.2,311.2,1377,43.0,91,0,0,0,0,0,0
986,M22342,M,300.2,311.6,1510,47.5,146,0,0,0,0,0,0
987,M17059,M,299.8,309.1,1268,58.0,90,0,0,0,0,0,0
988,M17655,M,300.3,309.5,1405,49.4,77,0,0,0,0,0,0
989,M16941,M,299.4,309.3,1485,47.1,209,0,0,0,0,0,0
990,M17801,M,300.7,309.6,1996,19.8,203,1,1,0,0,0,0
991,M17739,M,300.6,309.4,1367,63.2,45,1,0,0,1,0,0
992,M19202,M,301.7,309.8,1284,68.2,111,1,0,1,1,0,0
993,M19580,M,303.4,311.7,1353,44.1,192,1,0,1,0,0,0
994,M19478,M,303.0,311.3,1335,53.6,164,1,0,1,0,0,0
995,M21400,M,301.4,310.7,1368,63.7,92,1,0,0,1,0,0
996,M23442,M,297.5,308.1,1334,72.0,151,1,0,0,1,0,0
997,M20169,M,303.9,313.2,1422,48.0,215,1,1,0,0,0,0
998,L52003,L,303.5,311.9,1493,38.7,14,0,0,0,0,0,0
999,M24765,M,298.7,309.1,1423,49.5,200,0,0,0,0,0,0
1000,M20654,M,301.9,311.5,1492,40.8,150,0,0,0,0,0,0
